name,seed,weights,preprocessor,num_classes,metrics_accuracy_score,metrics_precision,metrics_recall,metrics_f1,pca_components,neighbors
exp_202,33,True,ised_features,2,0.9078014184397164,0.9107142857142856,0.8644067796610171,0.8869565217391304,2,3
exp_203,33,False,ised_features,2,0.9290780141843972,0.9803921568627452,0.8474576271186439,0.9090909090909092,2,3
exp_199,33,False,openl3,2,0.9361702127659576,0.9310344827586208,0.9152542372881356,0.923076923076923,2,3
exp_198,33,True,openl3,2,0.9716312056737588,0.9824561403508772,0.9491525423728814,0.9655172413793104,2,3
exp_201,33,False,vggish,2,0.950354609929078,1.0,0.8813559322033898,0.936936936936937,2,3
exp_200,33,True,vggish,2,0.9361702127659576,0.9310344827586208,0.9152542372881356,0.923076923076923,2,3
exp_205,34,False,openl3,2,0.9078014184397164,0.9433962264150944,0.8333333333333334,0.8849557522123894,2,3
exp_204,34,True,openl3,2,0.9290780141843972,0.9310344827586208,0.9,0.9152542372881356,2,3
exp_206,34,True,vggish,2,0.8794326241134752,0.9215686274509804,0.7833333333333333,0.8468468468468469,2,3
exp_208,34,True,ised_features,2,0.8581560283687943,0.8703703703703703,0.7833333333333333,0.8245614035087719,2,3
exp_209,34,False,ised_features,2,0.8723404255319149,0.9038461538461541,0.7833333333333333,0.8392857142857143,2,3
exp_207,34,False,vggish,2,0.8794326241134752,0.9215686274509804,0.7833333333333333,0.8468468468468469,2,3
exp_210,35,True,openl3,2,0.9574468085106383,0.9710144927536232,0.943661971830986,0.9571428571428572,2,3
exp_211,35,False,openl3,2,0.9007092198581559,0.88,0.9295774647887324,0.9041095890410958,2,3
exp_213,35,False,vggish,2,0.9007092198581559,0.8904109589041096,0.9154929577464788,0.9027777777777778,2,3
exp_214,35,True,ised_features,2,0.8794326241134752,0.8375,0.943661971830986,0.8874172185430463,2,3
exp_215,35,False,ised_features,2,0.8723404255319149,0.8354430379746836,0.9295774647887324,0.88,2,3
exp_212,35,True,vggish,2,0.9078014184397164,0.8918918918918919,0.9295774647887324,0.9103448275862068,2,3
exp_193,32,False,openl3,2,0.8794326241134752,0.9583333333333334,0.7540983606557377,0.8440366972477064,2,3
exp_194,32,True,vggish,2,0.9432624113475178,0.9491525423728814,0.918032786885246,0.9333333333333332,2,3
exp_195,32,False,vggish,2,0.9290780141843972,0.9636363636363636,0.8688524590163934,0.9137931034482758,2,3
exp_192,32,True,openl3,2,0.9645390070921984,1.0,0.918032786885246,0.9572649572649572,2,3
exp_197,32,False,ised_features,2,0.8723404255319149,0.8771929824561403,0.819672131147541,0.8474576271186439,2,3
exp_196,32,True,ised_features,2,0.8723404255319149,0.8644067796610171,0.8360655737704918,0.85,2,3
exp_258,43,True,openl3,2,0.950354609929078,0.9433962264150944,0.9259259259259259,0.9345794392523364,2,3
exp_260,43,True,vggish,2,0.9290780141843972,0.94,0.8703703703703703,0.9038461538461541,2,3
exp_261,43,False,vggish,2,0.9290780141843972,0.9230769230769232,0.8888888888888888,0.9056603773584906,2,3
exp_259,43,False,openl3,2,0.8865248226950354,0.8392857142857143,0.8703703703703703,0.8545454545454546,2,3
exp_263,43,False,ised_features,2,0.8581560283687943,0.84,0.7777777777777778,0.8076923076923077,2,3
exp_262,43,True,ised_features,2,0.8368794326241135,0.8039215686274509,0.7592592592592593,0.7809523809523811,2,3
exp_267,44,False,vggish,2,0.9148936170212766,0.912280701754386,0.8813559322033898,0.8965517241379309,2,3
exp_269,44,False,ised_features,2,0.8794326241134752,0.9038461538461541,0.7966101694915254,0.8468468468468469,2,3
exp_268,44,True,ised_features,2,0.8723404255319149,0.9019607843137256,0.7796610169491526,0.8363636363636364,2,3
exp_266,44,True,vggish,2,0.9290780141843972,0.9622641509433962,0.8644067796610171,0.9107142857142856,2,3
exp_264,44,True,openl3,2,0.9858156028368794,1.0,0.9661016949152542,0.9827586206896552,2,3
exp_265,44,False,openl3,2,0.9290780141843972,0.9298245614035088,0.8983050847457628,0.9137931034482759,2,3
exp_126,21,True,openl3,2,0.9716312056737588,1.0,0.9344262295081968,0.9661016949152544,2,3
exp_128,21,True,vggish,2,0.9432624113475178,0.9818181818181818,0.8852459016393442,0.9310344827586208,2,3
exp_129,21,False,vggish,2,0.9361702127659576,0.9642857142857144,0.8852459016393442,0.923076923076923,2,3
exp_127,21,False,openl3,2,0.8723404255319149,0.8909090909090909,0.8032786885245902,0.8448275862068965,2,3
exp_130,21,True,ised_features,2,0.8936170212765957,0.9107142857142856,0.8360655737704918,0.8717948717948717,2,3
exp_131,21,False,ised_features,2,0.8865248226950354,0.8813559322033898,0.8524590163934426,0.8666666666666666,2,3
exp_119,19,False,ised_features,2,0.8723404255319149,0.8688524590163934,0.8412698412698413,0.8548387096774194,2,3
exp_117,19,False,vggish,2,0.9007092198581559,0.8769230769230769,0.9047619047619048,0.890625,2,3
exp_116,19,True,vggish,2,0.9219858156028368,0.9193548387096774,0.9047619047619048,0.912,2,3
exp_118,19,True,ised_features,2,0.8794326241134752,0.8833333333333333,0.8412698412698413,0.8617886178861788,2,3
exp_114,19,True,openl3,2,0.9716312056737588,0.953846153846154,0.9841269841269841,0.96875,2,3
exp_115,19,False,openl3,2,0.9078014184397164,0.8676470588235294,0.9365079365079364,0.900763358778626,2,3
exp_158,26,True,vggish,2,0.9432624113475178,0.95,0.9193548387096774,0.9344262295081968,2,3
exp_160,26,True,ised_features,2,0.8581560283687943,0.85,0.8225806451612904,0.8360655737704918,2,3
exp_156,26,True,openl3,2,0.9716312056737588,0.967741935483871,0.967741935483871,0.967741935483871,2,3
exp_157,26,False,openl3,2,0.8226950354609929,0.7846153846153846,0.8225806451612904,0.8031496062992126,2,3
exp_161,26,False,ised_features,2,0.8581560283687943,0.8387096774193549,0.8387096774193549,0.8387096774193549,2,3
exp_159,26,False,vggish,2,0.9574468085106383,1.0,0.9032258064516128,0.9491525423728812,2,3
exp_61,10,False,openl3,2,0.8936170212765957,0.8571428571428571,0.8727272727272727,0.8648648648648648,2,3
exp_60,10,True,openl3,2,0.9574468085106383,0.9803921568627452,0.9090909090909092,0.9433962264150944,2,3
exp_65,10,False,ised_features,2,0.851063829787234,0.7931034482758621,0.8363636363636363,0.8141592920353982,2,3
exp_62,10,True,vggish,2,0.9290780141843972,0.9411764705882352,0.8727272727272727,0.9056603773584904,2,3
exp_63,10,False,vggish,2,0.9219858156028368,0.94,0.8545454545454545,0.8952380952380952,2,3
exp_64,10,True,ised_features,2,0.8581560283687943,0.8070175438596491,0.8363636363636363,0.8214285714285714,2,3
exp_169,28,False,openl3,2,0.9007092198581559,0.8771929824561403,0.8771929824561403,0.8771929824561403,2,3
exp_168,28,True,openl3,2,0.950354609929078,0.9464285714285714,0.9298245614035088,0.9380530973451328,2,3
exp_172,28,True,ised_features,2,0.851063829787234,0.86,0.7543859649122807,0.8037383177570094,2,3
exp_173,28,False,ised_features,2,0.8652482269503546,0.9130434782608696,0.7368421052631579,0.8155339805825242,2,3
exp_171,28,False,vggish,2,0.8652482269503546,0.8518518518518519,0.8070175438596491,0.8288288288288288,2,3
exp_170,28,True,vggish,2,0.9148936170212766,0.8947368421052632,0.8947368421052632,0.8947368421052632,2,3
exp_105,17,False,vggish,2,0.9290780141843972,1.0,0.8484848484848485,0.9180327868852458,2,3
exp_102,17,True,openl3,2,0.9219858156028368,0.9365079365079364,0.8939393939393939,0.9147286821705426,2,3
exp_103,17,False,openl3,2,0.8936170212765957,0.9047619047619048,0.8636363636363636,0.8837209302325582,2,3
exp_104,17,True,vggish,2,0.9219858156028368,0.9661016949152542,0.8636363636363636,0.912,2,3
exp_106,17,True,ised_features,2,0.8794326241134752,0.9016393442622952,0.8333333333333334,0.8661417322834646,2,3
exp_107,17,False,ised_features,2,0.8652482269503546,0.912280701754386,0.7878787878787878,0.8455284552845528,2,3
exp_275,45,False,ised_features,2,0.8723404255319149,0.8297872340425532,0.7959183673469388,0.8125,2,3
exp_272,45,True,vggish,2,0.8936170212765957,0.8269230769230769,0.8775510204081632,0.8514851485148514,2,3
exp_273,45,False,vggish,2,0.9148936170212766,0.8627450980392157,0.8979591836734694,0.8799999999999999,2,3
exp_274,45,True,ised_features,2,0.8865248226950354,0.8837209302325582,0.7755102040816326,0.826086956521739,2,3
exp_271,45,False,openl3,2,0.9361702127659576,0.9347826086956522,0.8775510204081632,0.9052631578947368,2,3
exp_270,45,True,openl3,2,0.9645390070921984,0.9583333333333334,0.9387755102040816,0.9484536082474228,2,3
exp_256,42,True,ised_features,2,0.8936170212765957,0.9636363636363636,0.803030303030303,0.8760330578512396,2,3
exp_257,42,False,ised_features,2,0.9007092198581559,0.9642857142857144,0.8181818181818182,0.8852459016393442,2,3
exp_252,42,True,openl3,2,0.9645390070921984,0.9552238805970148,0.9696969696969696,0.9624060150375942,2,3
exp_255,42,False,vggish,2,0.8794326241134752,0.855072463768116,0.8939393939393939,0.8740740740740741,2,3
exp_254,42,True,vggish,2,0.9361702127659576,0.9523809523809524,0.9090909090909092,0.9302325581395348,2,3
exp_253,42,False,openl3,2,0.9290780141843972,0.9516129032258064,0.8939393939393939,0.921875,2,3
exp_175,29,False,openl3,2,0.9290780141843972,0.8867924528301887,0.9215686274509804,0.9038461538461541,2,3
exp_174,29,True,openl3,2,0.9574468085106383,0.9591836734693876,0.9215686274509804,0.94,2,3
exp_178,29,True,ised_features,2,0.8581560283687943,0.8039215686274509,0.8039215686274509,0.8039215686274509,2,3
exp_176,29,True,vggish,2,0.8865248226950354,0.8070175438596491,0.9019607843137256,0.8518518518518519,2,3
exp_177,29,False,vggish,2,0.8794326241134752,0.8269230769230769,0.8431372549019608,0.8349514563106797,2,3
exp_179,29,False,ised_features,2,0.8652482269503546,0.82,0.8039215686274509,0.8118811881188118,2,3
exp_101,16,False,ised_features,2,0.9290780141843972,0.9206349206349206,0.9206349206349206,0.9206349206349206,2,3
exp_100,16,True,ised_features,2,0.9219858156028368,0.9193548387096774,0.9047619047619048,0.912,2,3
exp_96,16,True,openl3,2,0.9787234042553192,1.0,0.9523809523809524,0.975609756097561,2,3
exp_98,16,True,vggish,2,0.9432624113475178,0.9661016949152542,0.9047619047619048,0.9344262295081968,2,3
exp_99,16,False,vggish,2,0.9148936170212766,0.9322033898305084,0.873015873015873,0.9016393442622952,2,3
exp_97,16,False,openl3,2,0.9007092198581559,0.9152542372881356,0.8571428571428571,0.8852459016393444,2,3
exp_66,11,True,openl3,2,0.9148936170212766,0.9545454545454546,0.875,0.9130434782608696,2,3
exp_68,11,True,vggish,2,0.8652482269503546,0.8840579710144928,0.8472222222222222,0.8652482269503546,2,3
exp_69,11,False,vggish,2,0.8865248226950354,0.9242424242424242,0.8472222222222222,0.8840579710144927,2,3
exp_67,11,False,openl3,2,0.9007092198581559,0.967741935483871,0.8333333333333334,0.8955223880597015,2,3
exp_70,11,True,ised_features,2,0.8936170212765957,0.9014084507042254,0.8888888888888888,0.8951048951048951,2,3
exp_71,11,False,ised_features,2,0.9078014184397164,0.9154929577464788,0.9027777777777778,0.9090909090909092,2,3
exp_110,18,True,vggish,2,0.9148936170212766,0.8771929824561403,0.9090909090909092,0.8928571428571428,2,3
exp_111,18,False,vggish,2,0.9148936170212766,0.9056603773584906,0.8727272727272727,0.8888888888888888,2,3
exp_108,18,True,openl3,2,0.9716312056737588,0.9636363636363636,0.9636363636363636,0.9636363636363636,2,3
exp_109,18,False,openl3,2,0.9007092198581559,0.8253968253968254,0.9454545454545454,0.8813559322033897,2,3
exp_113,18,False,ised_features,2,0.8652482269503546,0.86,0.7818181818181819,0.8190476190476189,2,3
exp_112,18,True,ised_features,2,0.8723404255319149,0.8490566037735849,0.8181818181818182,0.8333333333333334,2,3
exp_167,27,False,ised_features,2,0.8865248226950354,0.9,0.84375,0.870967741935484,2,3
exp_166,27,True,ised_features,2,0.9148936170212766,0.9333333333333332,0.875,0.9032258064516128,2,3
exp_163,27,False,openl3,2,0.9574468085106383,0.9393939393939394,0.96875,0.953846153846154,2,3
exp_164,27,True,vggish,2,0.9078014184397164,0.918032786885246,0.875,0.8959999999999999,2,3
exp_165,27,False,vggish,2,0.9078014184397164,0.8923076923076924,0.90625,0.8992248062015504,2,3
exp_162,27,True,openl3,2,0.9929078014184396,1.0,0.984375,0.9921259842519684,2,3
exp_121,20,False,openl3,2,0.950354609929078,0.9705882352941176,0.9295774647887324,0.9496402877697842,2,3
exp_120,20,True,openl3,2,0.9716312056737588,1.0,0.943661971830986,0.9710144927536232,2,3
exp_122,20,True,vggish,2,0.9432624113475178,0.9846153846153848,0.9014084507042254,0.9411764705882352,2,3
exp_125,20,False,ised_features,2,0.851063829787234,0.9464285714285714,0.7464788732394366,0.8346456692913385,2,3
exp_124,20,True,ised_features,2,0.8865248226950354,0.9508196721311476,0.8169014084507042,0.8787878787878788,2,3
exp_123,20,False,vggish,2,0.9432624113475178,1.0,0.8873239436619719,0.9402985074626864,2,3
exp_16,2,True,ised_features,2,0.8723404255319149,0.8421052631578947,0.8421052631578947,0.8421052631578947,2,3
exp_17,2,False,ised_features,2,0.8794326241134752,0.8571428571428571,0.8421052631578947,0.8495575221238938,2,3
exp_15,2,False,vggish,2,0.9219858156028368,0.8709677419354839,0.9473684210526316,0.9075630252100841,2,3
exp_12,2,True,openl3,2,0.9858156028368794,0.9661016949152542,1.0,0.9827586206896552,2,3
exp_13,2,False,openl3,2,0.9148936170212766,0.8947368421052632,0.8947368421052632,0.8947368421052632,2,3
exp_14,2,True,vggish,2,0.9290780141843972,0.8615384615384616,0.9824561403508772,0.9180327868852458,2,3
exp_32,5,True,vggish,2,0.8652482269503546,0.8245614035087719,0.8392857142857143,0.8318584070796461,2,3
exp_35,5,False,ised_features,2,0.9078014184397164,0.8909090909090909,0.875,0.8828828828828829,2,3
exp_34,5,True,ised_features,2,0.9290780141843972,0.9107142857142856,0.9107142857142856,0.9107142857142856,2,3
exp_33,5,False,vggish,2,0.8936170212765957,0.9183673469387756,0.8035714285714286,0.8571428571428571,2,3
exp_31,5,False,openl3,2,0.9007092198581559,0.8620689655172413,0.8928571428571429,0.8771929824561403,2,3
exp_30,5,True,openl3,2,0.9645390070921984,0.981132075471698,0.9285714285714286,0.9541284403669724,2,3
exp_27,4,False,vggish,2,0.9007092198581559,0.9090909090909092,0.8823529411764706,0.8955223880597014,2,3
exp_29,4,False,ised_features,2,0.8865248226950354,0.9333333333333332,0.8235294117647058,0.8749999999999999,2,3
exp_28,4,True,ised_features,2,0.8865248226950354,0.9333333333333332,0.8235294117647058,0.8749999999999999,2,3
exp_26,4,True,vggish,2,0.8723404255319149,0.8472222222222222,0.8970588235294118,0.8714285714285713,2,3
exp_24,4,True,openl3,2,0.950354609929078,1.0,0.8970588235294118,0.9457364341085271,2,3
exp_25,4,False,openl3,2,0.9432624113475178,0.96875,0.9117647058823528,0.9393939393939394,2,3
exp_20,3,True,vggish,2,0.9361702127659576,0.9622641509433962,0.8793103448275862,0.9189189189189187,2,3
exp_18,3,True,openl3,2,0.9574468085106383,0.9482758620689656,0.9482758620689656,0.9482758620689656,2,3
exp_19,3,False,openl3,2,0.9148936170212766,0.8965517241379308,0.8965517241379308,0.8965517241379308,2,3
exp_21,3,False,vggish,2,0.9361702127659576,0.9454545454545454,0.8965517241379308,0.920353982300885,2,3
exp_23,3,False,ised_features,2,0.8865248226950354,0.9375,0.7758620689655172,0.8490566037735848,2,3
exp_22,3,True,ised_features,2,0.8936170212765957,0.9215686274509804,0.8103448275862069,0.8623853211009175,2,3
exp_234,39,True,openl3,2,0.950354609929078,0.9629629629629628,0.912280701754386,0.9369369369369368,2,3
exp_235,39,False,openl3,2,0.8794326241134752,0.9166666666666666,0.7719298245614035,0.8380952380952379,2,3
exp_239,39,False,ised_features,2,0.8865248226950354,0.9555555555555556,0.7543859649122807,0.8431372549019609,2,3
exp_237,39,False,vggish,2,0.9078014184397164,0.94,0.8245614035087719,0.8785046728971964,2,3
exp_236,39,True,vggish,2,0.9078014184397164,0.8793103448275862,0.8947368421052632,0.8869565217391304,2,3
exp_238,39,True,ised_features,2,0.8794326241134752,0.9347826086956522,0.7543859649122807,0.8349514563106796,2,3
exp_226,37,True,ised_features,2,0.8936170212765957,0.8888888888888888,0.8421052631578947,0.8648648648648649,2,3
exp_227,37,False,ised_features,2,0.9007092198581559,0.9215686274509804,0.8245614035087719,0.8703703703703703,2,3
exp_222,37,True,openl3,2,0.9929078014184396,1.0,0.9824561403508772,0.991150442477876,2,3
exp_225,37,False,vggish,2,0.9432624113475178,0.9152542372881356,0.9473684210526316,0.9310344827586206,2,3
exp_224,37,True,vggish,2,0.9432624113475178,0.9803921568627452,0.8771929824561403,0.9259259259259259,2,3
exp_223,37,False,openl3,2,0.9716312056737588,0.9491525423728814,0.9824561403508772,0.9655172413793104,2,3
exp_181,30,False,openl3,2,0.8723404255319149,0.9,0.8181818181818182,0.8571428571428572,2,3
exp_180,30,True,openl3,2,0.9148936170212766,0.8970588235294118,0.9242424242424242,0.9104477611940298,2,3
exp_185,30,False,ised_features,2,0.9290780141843972,0.9375,0.9090909090909092,0.923076923076923,2,3
exp_182,30,True,vggish,2,0.9148936170212766,0.95,0.8636363636363636,0.9047619047619048,2,3
exp_183,30,False,vggish,2,0.8865248226950354,0.890625,0.8636363636363636,0.8769230769230768,2,3
exp_184,30,True,ised_features,2,0.8936170212765957,0.8805970149253731,0.8939393939393939,0.887218045112782,2,3
exp_188,31,True,vggish,2,0.8652482269503546,0.9016393442622952,0.8088235294117647,0.8527131782945736,2,3
exp_186,31,True,openl3,2,0.950354609929078,1.0,0.8970588235294118,0.9457364341085271,2,3
exp_187,31,False,openl3,2,0.8723404255319149,0.9464285714285714,0.7794117647058824,0.8548387096774193,2,3
exp_189,31,False,vggish,2,0.9007092198581559,0.921875,0.8676470588235294,0.893939393939394,2,3
exp_190,31,True,ised_features,2,0.8794326241134752,0.9322033898305084,0.8088235294117647,0.8661417322834646,2,3
exp_191,31,False,ised_features,2,0.9007092198581559,0.95,0.8382352941176471,0.890625,2,3
exp_219,36,False,vggish,2,0.9219858156028368,0.890625,0.9344262295081968,0.912,2,3
exp_221,36,False,ised_features,2,0.8936170212765957,0.8965517241379308,0.8524590163934426,0.8739495798319327,2,3
exp_217,36,False,openl3,2,0.9361702127659576,0.9482758620689656,0.9016393442622952,0.9243697478991596,2,3
exp_216,36,True,openl3,2,0.9858156028368794,0.9682539682539684,1.0,0.9838709677419354,2,3
exp_220,36,True,ised_features,2,0.8794326241134752,0.8666666666666667,0.8524590163934426,0.8595041322314049,2,3
exp_218,36,True,vggish,2,0.9007092198581559,0.8615384615384616,0.918032786885246,0.8888888888888888,2,3
exp_228,38,True,openl3,2,0.9645390070921984,0.9795918367346941,0.9230769230769232,0.9504950495049506,2,3
exp_229,38,False,openl3,2,0.9078014184397164,0.9333333333333332,0.8076923076923077,0.8659793814432989,2,3
exp_233,38,False,ised_features,2,0.8723404255319149,0.8695652173913043,0.7692307692307693,0.8163265306122449,2,3
exp_232,38,True,ised_features,2,0.9007092198581559,0.9130434782608696,0.8076923076923077,0.8571428571428572,2,3
exp_230,38,True,vggish,2,0.9290780141843972,0.9038461538461541,0.9038461538461541,0.9038461538461541,2,3
exp_231,38,False,vggish,2,0.8794326241134752,0.8301886792452831,0.8461538461538461,0.8380952380952382,2,3
exp_151,25,False,openl3,2,0.9078014184397164,0.8870967741935484,0.9016393442622952,0.8943089430894309,2,3
exp_150,25,True,openl3,2,0.9645390070921984,0.9666666666666668,0.9508196721311476,0.9586776859504132,2,3
exp_152,25,True,vggish,2,0.9219858156028368,0.9166666666666666,0.9016393442622952,0.9090909090909092,2,3
exp_155,25,False,ised_features,2,0.8865248226950354,0.8947368421052632,0.8360655737704918,0.8644067796610171,2,3
exp_154,25,True,ised_features,2,0.8085106382978723,0.7741935483870968,0.7868852459016393,0.7804878048780488,2,3
exp_153,25,False,vggish,2,0.8723404255319149,0.8644067796610171,0.8360655737704918,0.85,2,3
exp_134,22,True,vggish,2,0.9432624113475178,0.918032786885246,0.9491525423728814,0.9333333333333332,2,3
exp_133,22,False,openl3,2,0.9219858156028368,0.9,0.9152542372881356,0.9075630252100841,2,3
exp_132,22,True,openl3,2,0.9716312056737588,1.0,0.9322033898305084,0.9649122807017544,2,3
exp_135,22,False,vggish,2,0.9148936170212766,0.912280701754386,0.8813559322033898,0.8965517241379309,2,3
exp_137,22,False,ised_features,2,0.8936170212765957,0.9074074074074074,0.8305084745762712,0.8672566371681415,2,3
exp_136,22,True,ised_features,2,0.8865248226950354,0.8909090909090909,0.8305084745762712,0.8596491228070176,2,3
exp_89,14,False,ised_features,2,0.8794326241134752,0.8305084745762712,0.875,0.8521739130434782,2,3
exp_87,14,False,vggish,2,0.8936170212765957,0.8727272727272727,0.8571428571428571,0.8648648648648648,2,3
exp_86,14,True,vggish,2,0.9219858156028368,0.9090909090909092,0.8928571428571429,0.9009009009009008,2,3
exp_88,14,True,ised_features,2,0.8794326241134752,0.7910447761194029,0.9464285714285714,0.8617886178861788,2,3
exp_84,14,True,openl3,2,0.9361702127659576,0.9433962264150944,0.8928571428571429,0.9174311926605504,2,3
exp_85,14,False,openl3,2,0.9078014184397164,0.9387755102040816,0.8214285714285714,0.8761904761904763,2,3
exp_80,13,True,vggish,2,0.8936170212765957,0.8518518518518519,0.8679245283018868,0.8598130841121496,2,3
exp_81,13,False,vggish,2,0.9219858156028368,0.9038461538461541,0.8867924528301887,0.8952380952380953,2,3
exp_79,13,False,openl3,2,0.9290780141843972,0.9387755102040816,0.8679245283018868,0.9019607843137256,2,3
exp_83,13,False,ised_features,2,0.8439716312056738,0.7818181818181819,0.8113207547169812,0.7962962962962964,2,3
exp_82,13,True,ised_features,2,0.8368794326241135,0.7777777777777778,0.7924528301886793,0.7850467289719626,2,3
exp_78,13,True,openl3,2,0.9574468085106383,0.9272727272727272,0.9622641509433962,0.9444444444444444,2,3
exp_286,47,True,ised_features,2,0.8794326241134752,0.9318181818181818,0.7454545454545455,0.8282828282828283,2,3
exp_287,47,False,ised_features,2,0.8723404255319149,0.9111111111111112,0.7454545454545455,0.8200000000000001,2,3
exp_285,47,False,vggish,2,0.9290780141843972,0.9411764705882352,0.8727272727272727,0.9056603773584904,2,3
exp_282,47,True,openl3,2,0.9787234042553192,0.9814814814814816,0.9636363636363636,0.9724770642201834,2,3
exp_283,47,False,openl3,2,0.9361702127659576,0.9423076923076924,0.8909090909090909,0.9158878504672896,2,3
exp_284,47,True,vggish,2,0.9148936170212766,0.9056603773584906,0.8727272727272727,0.8888888888888888,2,3
exp_244,40,True,ised_features,2,0.8156028368794326,0.8421052631578947,0.7384615384615385,0.7868852459016393,2,3
exp_243,40,False,vggish,2,0.9078014184397164,0.9193548387096774,0.8769230769230769,0.8976377952755904,2,3
exp_242,40,True,vggish,2,0.9148936170212766,0.9344262295081968,0.8769230769230769,0.9047619047619048,2,3
exp_245,40,False,ised_features,2,0.851063829787234,0.9230769230769232,0.7384615384615385,0.8205128205128206,2,3
exp_240,40,True,openl3,2,0.9645390070921984,0.9545454545454546,0.9692307692307692,0.9618320610687022,2,3
exp_241,40,False,openl3,2,0.8723404255319149,0.8405797101449275,0.8923076923076924,0.8656716417910447,2,3
exp_294,49,True,openl3,2,0.9645390070921984,0.9636363636363636,0.9464285714285714,0.9549549549549547,2,3
exp_295,49,False,openl3,2,0.950354609929078,0.9622641509433962,0.9107142857142856,0.9357798165137616,2,3
exp_297,49,False,vggish,2,0.9432624113475178,0.9285714285714286,0.9285714285714286,0.9285714285714286,2,3
exp_299,49,False,ised_features,2,0.8723404255319149,0.9523809523809524,0.7142857142857143,0.8163265306122449,2,3
exp_298,49,True,ised_features,2,0.8581560283687943,0.9736842105263158,0.6607142857142857,0.7872340425531915,2,3
exp_296,49,True,vggish,2,0.9361702127659576,0.8983050847457628,0.9464285714285714,0.9217391304347826,2,3
exp_73,12,False,openl3,2,0.9148936170212766,0.9333333333333332,0.875,0.9032258064516128,2,3
exp_74,12,True,vggish,2,0.9007092198581559,0.8571428571428571,0.9375,0.8955223880597014,2,3
exp_75,12,False,vggish,2,0.8865248226950354,0.875,0.875,0.875,2,3
exp_72,12,True,openl3,2,0.9645390070921984,0.9682539682539684,0.953125,0.9606299212598424,2,3
exp_77,12,False,ised_features,2,0.8652482269503546,0.8571428571428571,0.84375,0.8503937007874015,2,3
exp_76,12,True,ised_features,2,0.8865248226950354,0.9285714285714286,0.8125,0.8666666666666666,2,3
exp_95,15,False,ised_features,2,0.7872340425531915,0.6440677966101694,0.8085106382978723,0.7169811320754716,2,3
exp_92,15,True,vggish,2,0.8865248226950354,0.8163265306122449,0.851063829787234,0.8333333333333334,2,3
exp_93,15,False,vggish,2,0.8794326241134752,0.7884615384615384,0.8723404255319149,0.8282828282828283,2,3
exp_94,15,True,ised_features,2,0.8085106382978723,0.6851851851851852,0.7872340425531915,0.7326732673267328,2,3
exp_91,15,False,openl3,2,0.8439716312056738,0.7358490566037735,0.8297872340425532,0.78,2,3
exp_90,15,True,openl3,2,0.9361702127659576,0.88,0.9361702127659576,0.9072164948453608,2,3
exp_143,23,False,ised_features,2,0.8865248226950354,0.86,0.8269230769230769,0.8431372549019608,2,3
exp_142,23,True,ised_features,2,0.8794326241134752,0.8301886792452831,0.8461538461538461,0.8380952380952382,2,3
exp_139,23,False,openl3,2,0.9290780141843972,0.875,0.9423076923076924,0.9074074074074072,2,3
exp_138,23,True,openl3,2,0.9645390070921984,0.9795918367346941,0.9230769230769232,0.9504950495049506,2,3
exp_140,23,True,vggish,2,0.9290780141843972,0.8888888888888888,0.9230769230769232,0.9056603773584906,2,3
exp_141,23,False,vggish,2,0.950354609929078,0.9245283018867924,0.9423076923076924,0.9333333333333332,2,3
exp_144,24,True,openl3,2,0.9645390070921984,0.9855072463768116,0.9444444444444444,0.9645390070921984,2,3
exp_145,24,False,openl3,2,0.8865248226950354,0.9666666666666668,0.8055555555555556,0.8787878787878789,2,3
exp_147,24,False,vggish,2,0.9078014184397164,0.953846153846154,0.8611111111111112,0.9051094890510948,2,3
exp_149,24,False,ised_features,2,0.8652482269503546,0.9206349206349206,0.8055555555555556,0.8592592592592592,2,3
exp_148,24,True,ised_features,2,0.8936170212765957,0.9384615384615383,0.8472222222222222,0.8905109489051095,2,3
exp_146,24,True,vggish,2,0.9148936170212766,0.9838709677419356,0.8472222222222222,0.9104477611940298,2,3
exp_288,48,True,openl3,2,0.9290780141843972,0.8983050847457628,0.9298245614035088,0.9137931034482759,2,3
exp_289,48,False,openl3,2,0.9078014184397164,0.8928571428571429,0.8771929824561403,0.8849557522123894,2,3
exp_293,48,False,ised_features,2,0.851063829787234,0.8103448275862069,0.8245614035087719,0.8173913043478261,2,3
exp_292,48,True,ised_features,2,0.8581560283687943,0.8135593220338984,0.8421052631578947,0.8275862068965518,2,3
exp_290,48,True,vggish,2,0.8936170212765957,0.8387096774193549,0.912280701754386,0.8739495798319329,2,3
exp_291,48,False,vggish,2,0.9219858156028368,0.9259259259259259,0.8771929824561403,0.9009009009009008,2,3
exp_251,41,False,ised_features,2,0.8581560283687943,0.9090909090909092,0.7692307692307693,0.8333333333333333,2,3
exp_250,41,True,ised_features,2,0.8652482269503546,0.9259259259259259,0.7692307692307693,0.8403361344537816,2,3
exp_247,41,False,openl3,2,0.9219858156028368,0.9354838709677421,0.8923076923076924,0.9133858267716536,2,3
exp_249,41,False,vggish,2,0.9432624113475178,0.9830508474576272,0.8923076923076924,0.9354838709677421,2,3
exp_248,41,True,vggish,2,0.9219858156028368,0.95,0.8769230769230769,0.912,2,3
exp_246,41,True,openl3,2,0.9645390070921984,0.9545454545454546,0.9692307692307692,0.9618320610687022,2,3
exp_281,46,False,ised_features,2,0.8439716312056738,0.9019607843137256,0.7301587301587301,0.8070175438596492,2,3
exp_280,46,True,ised_features,2,0.8581560283687943,0.9215686274509804,0.7460317460317459,0.8245614035087719,2,3
exp_278,46,True,vggish,2,0.9148936170212766,0.9322033898305084,0.873015873015873,0.9016393442622952,2,3
exp_276,46,True,openl3,2,0.9574468085106383,0.9523809523809524,0.9523809523809524,0.9523809523809524,2,3
exp_277,46,False,openl3,2,0.9787234042553192,1.0,0.9523809523809524,0.975609756097561,2,3
exp_279,46,False,vggish,2,0.9148936170212766,0.9473684210526316,0.8571428571428571,0.9,2,3
exp_41,6,False,ised_features,2,0.8652482269503546,0.8888888888888888,0.7868852459016393,0.8347826086956522,2,3
exp_40,6,True,ised_features,2,0.8581560283687943,0.9019607843137256,0.7540983606557377,0.8214285714285715,2,3
exp_38,6,True,vggish,2,0.9078014184397164,0.9137931034482759,0.8688524590163934,0.8907563025210085,2,3
exp_36,6,True,openl3,2,0.9219858156028368,0.890625,0.9344262295081968,0.912,2,3
exp_37,6,False,openl3,2,0.8936170212765957,0.8965517241379308,0.8524590163934426,0.8739495798319327,2,3
exp_39,6,False,vggish,2,0.9078014184397164,0.9285714285714286,0.8524590163934426,0.8888888888888891,2,3
exp_11,1,False,ised_features,2,0.8865248226950354,0.9818181818181818,0.7826086956521741,0.8709677419354839,2,3
exp_10,1,True,ised_features,2,0.8865248226950354,0.9818181818181818,0.7826086956521741,0.8709677419354839,2,3
exp_6,1,True,openl3,2,0.950354609929078,0.984375,0.9130434782608696,0.9473684210526316,2,3
exp_8,1,True,vggish,2,0.8936170212765957,0.921875,0.855072463768116,0.887218045112782,2,3
exp_9,1,False,vggish,2,0.8794326241134752,0.8939393939393939,0.855072463768116,0.8740740740740741,2,3
exp_7,1,False,openl3,2,0.9007092198581559,0.9104477611940298,0.8840579710144928,0.8970588235294118,2,3
exp_50,8,True,vggish,2,0.9078014184397164,0.90625,0.8923076923076924,0.8992248062015504,2,3
exp_51,8,False,vggish,2,0.9007092198581559,0.918032786885246,0.8615384615384616,0.8888888888888888,2,3
exp_48,8,True,openl3,2,0.9574468085106383,0.9682539682539684,0.9384615384615383,0.953125,2,3
exp_49,8,False,openl3,2,0.9290780141843972,0.8985507246376812,0.953846153846154,0.9253731343283582,2,3
exp_53,8,False,ised_features,2,0.8865248226950354,0.9298245614035088,0.8153846153846154,0.8688524590163934,2,3
exp_52,8,True,ised_features,2,0.8794326241134752,0.8870967741935484,0.8461538461538461,0.8661417322834646,2,3
exp_59,9,False,ised_features,2,0.9432624113475178,0.9512195121951221,0.8666666666666667,0.9069767441860463,2,3
exp_57,9,False,vggish,2,0.9078014184397164,0.9210526315789472,0.7777777777777778,0.8433734939759038,2,3
exp_56,9,True,vggish,2,0.8936170212765957,0.875,0.7777777777777778,0.823529411764706,2,3
exp_58,9,True,ised_features,2,0.9361702127659576,0.9285714285714286,0.8666666666666667,0.8965517241379308,2,3
exp_54,9,True,openl3,2,0.9361702127659576,0.9736842105263158,0.8222222222222222,0.891566265060241,2,3
exp_55,9,False,openl3,2,0.8865248226950354,0.8536585365853658,0.7777777777777778,0.8139534883720929,2,3
exp_2,0,True,vggish,2,0.8794326241134752,0.873015873015873,0.859375,0.8661417322834646,2,3
exp_5,0,False,ised_features,2,0.9007092198581559,0.890625,0.890625,0.890625,2,3
exp_4,0,True,ised_features,2,0.8723404255319149,0.8382352941176471,0.890625,0.8636363636363636,2,3
exp_3,0,False,vggish,2,0.8652482269503546,0.8358208955223879,0.875,0.8549618320610687,2,3
exp_1,0,False,openl3,2,0.9574468085106383,0.9833333333333332,0.921875,0.9516129032258064,2,3
exp_0,0,True,openl3,2,0.9574468085106383,0.953125,0.953125,0.953125,2,3
exp_42,7,True,openl3,2,0.9787234042553192,1.0,0.9516129032258064,0.9752066115702479,2,3
exp_45,7,False,vggish,2,0.9645390070921984,0.9830508474576272,0.9354838709677421,0.9586776859504132,2,3
exp_44,7,True,vggish,2,0.9290780141843972,0.9193548387096774,0.9193548387096774,0.9193548387096774,2,3
exp_43,7,False,openl3,2,0.8936170212765957,0.8983050847457628,0.8548387096774194,0.8760330578512397,2,3
exp_46,7,True,ised_features,2,0.8368794326241135,0.8421052631578947,0.7741935483870968,0.8067226890756302,2,3
exp_47,7,False,ised_features,2,0.8439716312056738,0.8571428571428571,0.7741935483870968,0.8135593220338982,2,3
